TEXT	/private/tmp/alift-fe-foundation/frontend/app/(app)/agents/[agentSlug]/components/control-content.tsx	910:36
TEXT	/private/tmp/alift-fe-foundation/frontend/app/(app)/agents/new/steps/DiscoveryStep.tsx	227:48
TEXT	/private/tmp/alift-fe-foundation/frontend/app/(app)/agents/new/steps/DiscoveryStep.tsx	236:48
TEXT	/private/tmp/alift-fe-foundation/frontend/app/(app)/agents/new/steps/RepoPickerStep.tsx	216:40
TEXT	/private/tmp/alift-fe-foundation/frontend/app/(app)/agents/new/steps/RepoPickerStep.tsx	326:35
TEXT	/private/tmp/alift-fe-foundation/frontend/app/(app)/agents/new/steps/RepoPickerStep.tsx	335:34
TEXT	/private/tmp/alift-fe-foundation/frontend/app/(app)/agents/new/steps/RepoPickerStep.tsx	436:34
TEXT	/private/tmp/alift-fe-foundation/frontend/app/(app)/agents/new/steps/RepoPickerStep.tsx	442:30
TEXT	/private/tmp/alift-fe-foundation/frontend/app/(app)/agents/new/steps/ReviewSubmitStep.tsx	117:46
TEXT	/private/tmp/alift-fe-foundation/frontend/app/(app)/agents/new/steps/ReviewSubmitStep.tsx	122:46
TEXT	/private/tmp/alift-fe-foundation/frontend/app/(app)/agents/new/steps/ReviewSubmitStep.tsx	126:44
TEXT	/private/tmp/alift-fe-foundation/frontend/app/(app)/agents/new/steps/ReviewSubmitStep.tsx	173:38
TEXT	/private/tmp/alift-fe-foundation/frontend/app/(app)/agents/new/steps/ReviewSubmitStep.tsx	290:32
TEXT	/private/tmp/alift-fe-foundation/frontend/app/(app)/alerts/alerts-client.tsx	453:52
TEXT	/private/tmp/alift-fe-foundation/frontend/app/(app)/alerts/alerts-client.tsx	463:31
TEXT	/private/tmp/alift-fe-foundation/frontend/app/(app)/approvals/[id]/approval-client.tsx	381:36
TEXT	/private/tmp/alift-fe-foundation/frontend/app/(app)/approvals/[id]/approval-client.tsx	521:12
TEXT	/private/tmp/alift-fe-foundation/frontend/app/(app)/approvals/approvals-queue-client.tsx	382:38
TEXT	/private/tmp/alift-fe-foundation/frontend/app/(app)/approvals/secret-proposals-queue-client.tsx	95:38
TEXT	/private/tmp/alift-fe-foundation/frontend/app/(app)/approvals/secret-proposals-queue-client.tsx	98:38
TEXT	/private/tmp/alift-fe-foundation/frontend/app/(app)/approvals/secret-proposals-queue-client.tsx	101:38
TEXT	/private/tmp/alift-fe-foundation/frontend/app/(app)/apps/[slug]/app-detail-client.tsx	182:36
TEXT	/private/tmp/alift-fe-foundation/frontend/app/(app)/apps/[slug]/commands/command-runner-client.tsx	259:48
TEXT	/private/tmp/alift-fe-foundation/frontend/app/(app)/apps/[slug]/commands/command-runner-client.tsx	313:19
TEXT	/private/tmp/alift-fe-foundation/frontend/app/(app)/apps/[slug]/commands/command-runner-client.tsx	327:17
TEXT	/private/tmp/alift-fe-foundation/frontend/app/(app)/apps/[slug]/components/activity-timeline.tsx	93:14
TEXT	/private/tmp/alift-fe-foundation/frontend/app/(app)/apps/[slug]/components/activity-timeline.tsx	113:15
TEXT	/private/tmp/alift-fe-foundation/frontend/app/(app)/apps/[slug]/components/activity-timeline.tsx	150:42
TEXT	/private/tmp/alift-fe-foundation/frontend/app/(app)/apps/[slug]/components/activity-timeline.tsx	182:12
TEXT	/private/tmp/alift-fe-foundation/frontend/app/(app)/apps/[slug]/components/assign-project-card.tsx	248:38
TEXT	/private/tmp/alift-fe-foundation/frontend/app/(app)/apps/[slug]/components/assign-project-card.tsx	254:35
TEXT	/private/tmp/alift-fe-foundation/frontend/app/(app)/apps/[slug]/components/ci-setup-section.tsx	317:17
TEXT	/private/tmp/alift-fe-foundation/frontend/app/(app)/apps/[slug]/components/ci-setup-section.tsx	322:16
TEXT	/private/tmp/alift-fe-foundation/frontend/app/(app)/apps/[slug]/components/ci-setup-section.tsx	876:19
TEXT	/private/tmp/alift-fe-foundation/frontend/app/(app)/apps/[slug]/components/ci-setup-section.tsx	881:19
TEXT	/private/tmp/alift-fe-foundation/frontend/app/(app)/apps/[slug]/components/controls-section.tsx	363:12
TEXT	/private/tmp/alift-fe-foundation/frontend/app/(app)/apps/[slug]/components/controls-section.tsx	400:10
TEXT	/private/tmp/alift-fe-foundation/frontend/app/(app)/apps/[slug]/components/controls-section.tsx	508:34
TEXT	/private/tmp/alift-fe-foundation/frontend/app/(app)/apps/[slug]/components/controls-section.tsx	606:34
TEXT	/private/tmp/alift-fe-foundation/frontend/app/(app)/apps/[slug]/components/deploy-activity-strip.tsx	79:14
TEXT	/private/tmp/alift-fe-foundation/frontend/app/(app)/apps/[slug]/components/deploy-activity-strip.tsx	82:14
TEXT	/private/tmp/alift-fe-foundation/frontend/app/(app)/apps/[slug]/components/deploy-strategy-card.tsx	69:14
TEXT	/private/tmp/alift-fe-foundation/frontend/app/(app)/apps/[slug]/components/deploy-strategy-card.tsx	77:40
TEXT	/private/tmp/alift-fe-foundation/frontend/app/(app)/apps/[slug]/components/deploy-strategy-card.tsx	82:40
TEXT	/private/tmp/alift-fe-foundation/frontend/app/(app)/apps/[slug]/components/deploy-strategy-card.tsx	188:21
TEXT	/private/tmp/alift-fe-foundation/frontend/app/(app)/apps/[slug]/components/deploy-strategy-card.tsx	201:19
TEXT	/private/tmp/alift-fe-foundation/frontend/app/(app)/apps/[slug]/components/deployment-panel.tsx	171:14
TEXT	/private/tmp/alift-fe-foundation/frontend/app/(app)/apps/[slug]/components/deployment-panel.tsx	183:42
TEXT	/private/tmp/alift-fe-foundation/frontend/app/(app)/apps/[slug]/components/deployment-panel.tsx	188:40
TEXT	/private/tmp/alift-fe-foundation/frontend/app/(app)/apps/[slug]/components/deployment-panel.tsx	280:12
TEXT	/private/tmp/alift-fe-foundation/frontend/app/(app)/apps/[slug]/components/latest-deployment-row.tsx	95:34
TEXT	/private/tmp/alift-fe-foundation/frontend/app/(app)/apps/[slug]/components/managed-services-summary-card.tsx	252:40
TEXT	/private/tmp/alift-fe-foundation/frontend/app/(app)/apps/[slug]/components/managed-services-summary-card.tsx	311:16
TEXT	/private/tmp/alift-fe-foundation/frontend/app/(app)/apps/[slug]/components/managed-services-summary-card.tsx	321:38
TEXT	/private/tmp/alift-fe-foundation/frontend/app/(app)/apps/[slug]/components/managed-services-summary-card.tsx	325:36
TEXT	/private/tmp/alift-fe-foundation/frontend/app/(app)/apps/[slug]/components/managed-services-summary-card.tsx	331:15
TEXT	/private/tmp/alift-fe-foundation/frontend/app/(app)/apps/[slug]/components/managed-services-summary-card.tsx	339:14
TEXT	/private/tmp/alift-fe-foundation/frontend/app/(app)/apps/[slug]/components/managed-services-summary-card.tsx	506:18
TEXT	/private/tmp/alift-fe-foundation/frontend/app/(app)/apps/[slug]/components/managed-services-summary-card.tsx	532:16
TEXT	/private/tmp/alift-fe-foundation/frontend/app/(app)/apps/[slug]/components/managed-services-summary-card.tsx	657:14
TEXT	/private/tmp/alift-fe-foundation/frontend/app/(app)/apps/[slug]/components/managed-services-summary-card.tsx	738:27
TEXT	/private/tmp/alift-fe-foundation/frontend/app/(app)/apps/[slug]/components/managed-services-summary-card.tsx	745:16
TEXT	/private/tmp/alift-fe-foundation/frontend/app/(app)/apps/[slug]/components/managed-services-summary-card.tsx	825:16
TEXT	/private/tmp/alift-fe-foundation/frontend/app/(app)/apps/[slug]/components/observability-section.tsx	153:10
TEXT	/private/tmp/alift-fe-foundation/frontend/app/(app)/apps/[slug]/components/observability-section.tsx	157:10
TEXT	/private/tmp/alift-fe-foundation/frontend/app/(app)/apps/[slug]/components/observability-section.tsx	160:16
TEXT	/private/tmp/alift-fe-foundation/frontend/app/(app)/apps/[slug]/components/observability-section.tsx	173:26
TEXT	/private/tmp/alift-fe-foundation/frontend/app/(app)/apps/[slug]/components/observability-section.tsx	218:10
TEXT	/private/tmp/alift-fe-foundation/frontend/app/(app)/apps/[slug]/components/observability-section.tsx	223:10
TEXT	/private/tmp/alift-fe-foundation/frontend/app/(app)/apps/[slug]/components/observability-section.tsx	235:15
TEXT	/private/tmp/alift-fe-foundation/frontend/app/(app)/apps/[slug]/components/pending-deployments.tsx	65:38
TEXT	/private/tmp/alift-fe-foundation/frontend/app/(app)/apps/[slug]/components/pending-deployments.tsx	69:17
TEXT	/private/tmp/alift-fe-foundation/frontend/app/(app)/apps/[slug]/components/pending-deployments.tsx	154:38
TEXT	/private/tmp/alift-fe-foundation/frontend/app/(app)/apps/[slug]/components/quick-links-grid.tsx	84:32
TEXT	/private/tmp/alift-fe-foundation/frontend/app/(app)/apps/[slug]/components/repo-badge.tsx	42:9
TEXT	/private/tmp/alift-fe-foundation/frontend/app/(app)/apps/[slug]/components/teams-card.tsx	275:24
TEXT	/private/tmp/alift-fe-foundation/frontend/app/(app)/apps/[slug]/components/url-card.tsx	314:30
TEXT	/private/tmp/alift-fe-foundation/frontend/app/(app)/apps/[slug]/components/url-card.tsx	315:32
TEXT	/private/tmp/alift-fe-foundation/frontend/app/(app)/apps/[slug]/components/url-health-badge.tsx	260:17
TEXT	/private/tmp/alift-fe-foundation/frontend/app/(app)/apps/[slug]/components/url-health-badge.tsx	264:17
TEXT	/private/tmp/alift-fe-foundation/frontend/app/(app)/apps/[slug]/components/url-health-badge.tsx	268:12
TEXT	/private/tmp/alift-fe-foundation/frontend/app/(app)/apps/[slug]/components/url-health-badge.tsx	273:14
TEXT	/private/tmp/alift-fe-foundation/frontend/app/(app)/apps/[slug]/components/url-health-badge.tsx	280:17
TEXT	/private/tmp/alift-fe-foundation/frontend/app/(app)/apps/[slug]/config/config-editor-client.tsx	166:18
TEXT	/private/tmp/alift-fe-foundation/frontend/app/(app)/apps/[slug]/config/config-editor-client.tsx	174:18
TEXT	/private/tmp/alift-fe-foundation/frontend/app/(app)/apps/[slug]/config/config-editor-client.tsx	486:42
TEXT	/private/tmp/alift-fe-foundation/frontend/app/(app)/apps/[slug]/console/console-client.tsx	386:25
TEXT	/private/tmp/alift-fe-foundation/frontend/app/(app)/apps/[slug]/deployments/deployments-client.tsx	597:16
TEXT	/private/tmp/alift-fe-foundation/frontend/app/(app)/apps/[slug]/deployments/deployments-client.tsx	1146:40
TEXT	/private/tmp/alift-fe-foundation/frontend/app/(app)/apps/[slug]/deployments/deployments-client.tsx	1173:10
TEXT	/private/tmp/alift-fe-foundation/frontend/app/(app)/apps/[slug]/deployments/deployments-client.tsx	1306:12
TEXT	/private/tmp/alift-fe-foundation/frontend/app/(app)/apps/[slug]/deployments/deployments-client.tsx	1310:12
TEXT	/private/tmp/alift-fe-foundation/frontend/app/(app)/apps/[slug]/deployments/deployments-client.tsx	1344:12
TEXT	/private/tmp/alift-fe-foundation/frontend/app/(app)/apps/[slug]/deployments/deployments-client.tsx	1369:12
TEXT	/private/tmp/alift-fe-foundation/frontend/app/(app)/apps/[slug]/domains/domains-client.tsx	204:36
TEXT	/private/tmp/alift-fe-foundation/frontend/app/(app)/apps/[slug]/domains/domains-client.tsx	214:36
TEXT	/private/tmp/alift-fe-foundation/frontend/app/(app)/apps/[slug]/domains/domains-client.tsx	221:36
TEXT	/private/tmp/alift-fe-foundation/frontend/app/(app)/apps/[slug]/domains/domains-client.tsx	230:9
TEXT	/private/tmp/alift-fe-foundation/frontend/app/(app)/apps/[slug]/domains/domains-client.tsx	237:30
TEXT	/private/tmp/alift-fe-foundation/frontend/app/(app)/apps/[slug]/domains/domains-client.tsx	843:41
TEXT	/private/tmp/alift-fe-foundation/frontend/app/(app)/apps/[slug]/domains/domains-client.tsx	970:38
TEXT	/private/tmp/alift-fe-foundation/frontend/app/(app)/apps/[slug]/domains/domains-client.tsx	975:38
TEXT	/private/tmp/alift-fe-foundation/frontend/app/(app)/apps/[slug]/domains/domains-client.tsx	1189:34
TEXT	/private/tmp/alift-fe-foundation/frontend/app/(app)/apps/[slug]/domains/domains-client.tsx	1362:14
TEXT	/private/tmp/alift-fe-foundation/frontend/app/(app)/apps/[slug]/domains/domains-client.tsx	1451:34
TEXT	/private/tmp/alift-fe-foundation/frontend/app/(app)/apps/[slug]/domains/domains-client.tsx	1609:14
TEXT	/private/tmp/alift-fe-foundation/frontend/app/(app)/apps/[slug]/domains/domains-client.tsx	1901:40
TEXT	/private/tmp/alift-fe-foundation/frontend/app/(app)/apps/[slug]/domains/domains-client.tsx	1911:44
TEXT	/private/tmp/alift-fe-foundation/frontend/app/(app)/apps/[slug]/managed-services/email-detail-sheet.tsx	257:20
TEXT	/private/tmp/alift-fe-foundation/frontend/app/(app)/apps/[slug]/managed-services/email-detail-sheet.tsx	329:14
TEXT	/private/tmp/alift-fe-foundation/frontend/app/(app)/apps/[slug]/managed-services/email-detail-sheet.tsx	341:14
TEXT	/private/tmp/alift-fe-foundation/frontend/app/(app)/apps/[slug]/managed-services/email-detail-sheet.tsx	343:14
TEXT	/private/tmp/alift-fe-foundation/frontend/app/(app)/apps/[slug]/managed-services/email-detail-sheet.tsx	346:14
TEXT	/private/tmp/alift-fe-foundation/frontend/app/(app)/apps/[slug]/managed-services/email-detail-sheet.tsx	348:14
TEXT	/private/tmp/alift-fe-foundation/frontend/app/(app)/apps/[slug]/managed-services/email-detail-sheet.tsx	385:14
TEXT	/private/tmp/alift-fe-foundation/frontend/app/(app)/apps/[slug]/managed-services/email-detail-sheet.tsx	389:14
TEXT	/private/tmp/alift-fe-foundation/frontend/app/(app)/apps/[slug]/managed-services/email-detail-sheet.tsx	404:15
TEXT	/private/tmp/alift-fe-foundation/frontend/app/(app)/apps/[slug]/managed-services/email-detail-sheet.tsx	476:16
TEXT	/private/tmp/alift-fe-foundation/frontend/app/(app)/apps/[slug]/managed-services/email-detail-sheet.tsx	480:16
TEXT	/private/tmp/alift-fe-foundation/frontend/app/(app)/apps/[slug]/managed-services/email-detail-sheet.tsx	483:16
TEXT	/private/tmp/alift-fe-foundation/frontend/app/(app)/apps/[slug]/managed-services/email-detail-sheet.tsx	487:16
TEXT	/private/tmp/alift-fe-foundation/frontend/app/(app)/apps/[slug]/managed-services/email-detail-sheet.tsx	551:14
TEXT	/private/tmp/alift-fe-foundation/frontend/app/(app)/apps/[slug]/managed-services/email-detail-sheet.tsx	568:14
TEXT	/private/tmp/alift-fe-foundation/frontend/app/(app)/apps/[slug]/managed-services/email-detail-sheet.tsx	572:15
TEXT	/private/tmp/alift-fe-foundation/frontend/app/(app)/apps/[slug]/managed-services/email-detail-sheet.tsx	623:10
TEXT	/private/tmp/alift-fe-foundation/frontend/app/(app)/apps/[slug]/managed-services/email-detail-sheet.tsx	639:17
TEXT	/private/tmp/alift-fe-foundation/frontend/app/(app)/apps/[slug]/managed-services/email-detail-sheet.tsx	644:22
TEXT	/private/tmp/alift-fe-foundation/frontend/app/(app)/apps/[slug]/managed-services/email-detail-sheet.tsx	649:29
TEXT	/private/tmp/alift-fe-foundation/frontend/app/(app)/apps/[slug]/managed-services/email-detail-sheet.tsx	778:36
TEXT	/private/tmp/alift-fe-foundation/frontend/app/(app)/apps/[slug]/managed-services/email-detail-sheet.tsx	785:14
TEXT	/private/tmp/alift-fe-foundation/frontend/app/(app)/apps/[slug]/managed-services/email-detail-sheet.tsx	843:44
TEXT	/private/tmp/alift-fe-foundation/frontend/app/(app)/apps/[slug]/managed-services/email-detail-sheet.tsx	1077:29
TEXT	/private/tmp/alift-fe-foundation/frontend/app/(app)/apps/[slug]/managed-services/email-detail-sheet.tsx	1123:16
TEXT	/private/tmp/alift-fe-foundation/frontend/app/(app)/apps/[slug]/managed-services/email-detail-sheet.tsx	1137:16
TEXT	/private/tmp/alift-fe-foundation/frontend/app/(app)/apps/[slug]/managed-services/email-detail-sheet.tsx	1329:38
TEXT	/private/tmp/alift-fe-foundation/frontend/app/(app)/apps/[slug]/managed-services/email-detail-sheet.tsx	1356:28
TEXT	/private/tmp/alift-fe-foundation/frontend/app/(app)/apps/[slug]/managed-services/email-detail-sheet.tsx	1387:14
TEXT	/private/tmp/alift-fe-foundation/frontend/app/(app)/apps/[slug]/managed-services/email-detail-sheet.tsx	1456:14
TEXT	/private/tmp/alift-fe-foundation/frontend/app/(app)/apps/[slug]/managed-services/email-detail-sheet.tsx	1566:20
TEXT	/private/tmp/alift-fe-foundation/frontend/app/(app)/apps/[slug]/managed-services/email-detail-sheet.tsx	1597:20
TEXT	/private/tmp/alift-fe-foundation/frontend/app/(app)/apps/[slug]/managed-services/email-detail-sheet.tsx	1599:20
TEXT	/private/tmp/alift-fe-foundation/frontend/app/(app)/apps/[slug]/managed-services/email-detail-sheet.tsx	1608:12
TEXT	/private/tmp/alift-fe-foundation/frontend/app/(app)/apps/[slug]/managed-services/email-detail-sheet.tsx	1685:38
TEXT	/private/tmp/alift-fe-foundation/frontend/app/(app)/apps/[slug]/managed-services/email-detail-sheet.tsx	1770:32
TEXT	/private/tmp/alift-fe-foundation/frontend/app/(app)/apps/[slug]/managed-services/email-detail-sheet.tsx	1779:25
TEXT	/private/tmp/alift-fe-foundation/frontend/app/(app)/apps/[slug]/managed-services/email-detail-sheet.tsx	1785:23
TEXT	/private/tmp/alift-fe-foundation/frontend/app/(app)/apps/[slug]/managed-services/email-detail-sheet.tsx	1834:12
TEXT	/private/tmp/alift-fe-foundation/frontend/app/(app)/apps/[slug]/managed-services/email-detail-sheet.tsx	1869:14
TEXT	/private/tmp/alift-fe-foundation/frontend/app/(app)/apps/[slug]/managed-services/email-detail-sheet.tsx	1874:18
TEXT	/private/tmp/alift-fe-foundation/frontend/app/(app)/apps/[slug]/managed-services/email-detail-sheet.tsx	1877:14
TEXT	/private/tmp/alift-fe-foundation/frontend/app/(app)/apps/[slug]/managed-services/email-detail-sheet.tsx	2079:38
TEXT	/private/tmp/alift-fe-foundation/frontend/app/(app)/apps/[slug]/managed-services/email-detail-sheet.tsx	2095:14
TEXT	/private/tmp/alift-fe-foundation/frontend/app/(app)/apps/[slug]/managed-services/email-detail-sheet.tsx	2108:18
TEXT	/private/tmp/alift-fe-foundation/frontend/app/(app)/apps/[slug]/managed-services/email-detail-sheet.tsx	2186:32
TEXT	/private/tmp/alift-fe-foundation/frontend/app/(app)/apps/[slug]/managed-services/email-detail-sheet.tsx	2320:31
TEXT	/private/tmp/alift-fe-foundation/frontend/app/(app)/apps/[slug]/managed-services/email-detail-sheet.tsx	2334:10
TEXT	/private/tmp/alift-fe-foundation/frontend/app/(app)/apps/[slug]/managed-services/managed-services-client.tsx	157:47
TEXT	/private/tmp/alift-fe-foundation/frontend/app/(app)/apps/[slug]/managed-services/managed-services-client.tsx	189:19
TEXT	/private/tmp/alift-fe-foundation/frontend/app/(app)/apps/[slug]/managed-services/managed-services-client.tsx	349:50
TEXT	/private/tmp/alift-fe-foundation/frontend/app/(app)/apps/[slug]/managed-services/service-detail-sheet.tsx	60:44
TEXT	/private/tmp/alift-fe-foundation/frontend/app/(app)/apps/[slug]/managed-services/service-detail-sheet.tsx	68:44
TEXT	/private/tmp/alift-fe-foundation/frontend/app/(app)/apps/[slug]/members/app-members-client.tsx	158:51
TEXT	/private/tmp/alift-fe-foundation/frontend/app/(app)/apps/[slug]/members/app-members-client.tsx	231:50
TEXT	/private/tmp/alift-fe-foundation/frontend/app/(app)/apps/[slug]/observability/observability-client.tsx	856:25
TEXT	/private/tmp/alift-fe-foundation/frontend/app/(app)/apps/[slug]/observability/observability-client.tsx	1004:19
TEXT	/private/tmp/alift-fe-foundation/frontend/app/(app)/apps/[slug]/observability/observability-client.tsx	1155:35
TEXT	/private/tmp/alift-fe-foundation/frontend/app/(app)/apps/[slug]/observability/observability-client.tsx	1359:10
TEXT	/private/tmp/alift-fe-foundation/frontend/app/(app)/apps/[slug]/previews/previews-client.tsx	638:36
TEXT	/private/tmp/alift-fe-foundation/frontend/app/(app)/apps/[slug]/previews/previews-client.tsx	726:36
TEXT	/private/tmp/alift-fe-foundation/frontend/app/(app)/apps/[slug]/secrets/secrets-client.tsx	195:7
TEXT	/private/tmp/alift-fe-foundation/frontend/app/(app)/apps/[slug]/secrets/secrets-client.tsx	215:36
TEXT	/private/tmp/alift-fe-foundation/frontend/app/(app)/apps/[slug]/secrets/secrets-client.tsx	222:36
TEXT	/private/tmp/alift-fe-foundation/frontend/app/(app)/apps/[slug]/secrets/secrets-client.tsx	231:9
TEXT	/private/tmp/alift-fe-foundation/frontend/app/(app)/apps/[slug]/secrets/secrets-client.tsx	238:30
TEXT	/private/tmp/alift-fe-foundation/frontend/app/(app)/apps/[slug]/secrets/secrets-client.tsx	800:17
TEXT	/private/tmp/alift-fe-foundation/frontend/app/(app)/apps/[slug]/secrets/secrets-client.tsx	803:17
TEXT	/private/tmp/alift-fe-foundation/frontend/app/(app)/apps/[slug]/secrets/secrets-client.tsx	809:34
TEXT	/private/tmp/alift-fe-foundation/frontend/app/(app)/apps/[slug]/secrets/secrets-client.tsx	956:12
TEXT	/private/tmp/alift-fe-foundation/frontend/app/(app)/apps/[slug]/secrets/secrets-client.tsx	975:19
TEXT	/private/tmp/alift-fe-foundation/frontend/app/(app)/apps/[slug]/secrets/secrets-client.tsx	986:22
TEXT	/private/tmp/alift-fe-foundation/frontend/app/(app)/apps/[slug]/secrets/secrets-client.tsx	1111:13
TEXT	/private/tmp/alift-fe-foundation/frontend/app/(app)/apps/[slug]/secrets/secrets-client.tsx	1168:27
TEXT	/private/tmp/alift-fe-foundation/frontend/app/(app)/apps/[slug]/secrets/secrets-client.tsx	1172:48
TEXT	/private/tmp/alift-fe-foundation/frontend/app/(app)/apps/[slug]/secrets/secrets-client.tsx	1180:46
TEXT	/private/tmp/alift-fe-foundation/frontend/app/(app)/apps/[slug]/secrets/secrets-client.tsx	1415:52
TEXT	/private/tmp/alift-fe-foundation/frontend/app/(app)/apps/[slug]/secrets/secrets-client.tsx	1420:44
TEXT	/private/tmp/alift-fe-foundation/frontend/app/(app)/apps/[slug]/settings/settings-client.tsx	488:10
TEXT	/private/tmp/alift-fe-foundation/frontend/app/(app)/apps/[slug]/settings/settings-client.tsx	822:14
TEXT	/private/tmp/alift-fe-foundation/frontend/app/(app)/apps/[slug]/settings/settings-client.tsx	825:12
TEXT	/private/tmp/alift-fe-foundation/frontend/app/(app)/apps/[slug]/settings/settings-client.tsx	849:16
TEXT	/private/tmp/alift-fe-foundation/frontend/app/(app)/apps/[slug]/settings/settings-client.tsx	1053:12
TEXT	/private/tmp/alift-fe-foundation/frontend/app/(app)/apps/[slug]/settings/settings-client.tsx	1088:48
TEXT	/private/tmp/alift-fe-foundation/frontend/app/(app)/apps/[slug]/settings/settings-client.tsx	1099:24
TEXT	/private/tmp/alift-fe-foundation/frontend/app/(app)/apps/[slug]/settings/settings-client.tsx	1229:38
TEXT	/private/tmp/alift-fe-foundation/frontend/app/(app)/apps/[slug]/settings/settings-client.tsx	1289:11
TEXT	/private/tmp/alift-fe-foundation/frontend/app/(app)/apps/[slug]/settings/settings-client.tsx	1310:11
TEXT	/private/tmp/alift-fe-foundation/frontend/app/(app)/apps/[slug]/settings/settings-client.tsx	1314:38
TEXT	/private/tmp/alift-fe-foundation/frontend/app/(app)/apps/[slug]/settings/settings-client.tsx	1328:11
TEXT	/private/tmp/alift-fe-foundation/frontend/app/(app)/apps/[slug]/settings/settings-client.tsx	1346:11
TEXT	/private/tmp/alift-fe-foundation/frontend/app/(app)/apps/[slug]/settings/settings-client.tsx	1360:11
TEXT	/private/tmp/alift-fe-foundation/frontend/app/(app)/apps/[slug]/settings/settings-client.tsx	1365:38
TEXT	/private/tmp/alift-fe-foundation/frontend/app/(app)/apps/[slug]/settings/settings-client.tsx	1380:11
TEXT	/private/tmp/alift-fe-foundation/frontend/app/(app)/apps/[slug]/settings/settings-client.tsx	1509:44
TEXT	/private/tmp/alift-fe-foundation/frontend/app/(app)/apps/[slug]/settings/settings-client.tsx	1520:19
TEXT	/private/tmp/alift-fe-foundation/frontend/app/(app)/apps/[slug]/settings/settings-client.tsx	1543:16
TEXT	/private/tmp/alift-fe-foundation/frontend/app/(app)/apps/[slug]/settings/settings-client.tsx	1762:29
TEXT	/private/tmp/alift-fe-foundation/frontend/app/(app)/apps/[slug]/settings/settings-client.tsx	1801:12
TEXT	/private/tmp/alift-fe-foundation/frontend/app/(app)/apps/[slug]/settings/settings-client.tsx	1899:46
TEXT	/private/tmp/alift-fe-foundation/frontend/app/(app)/apps/[slug]/settings/settings-client.tsx	2082:19
TEXT	/private/tmp/alift-fe-foundation/frontend/app/(app)/apps/[slug]/settings/settings-client.tsx	2092:23
TEXT	/private/tmp/alift-fe-foundation/frontend/app/(app)/apps/[slug]/settings/settings-client.tsx	2392:38
TEXT	/private/tmp/alift-fe-foundation/frontend/app/(app)/apps/[slug]/settings/settings-client.tsx	2396:36
TEXT	/private/tmp/alift-fe-foundation/frontend/app/(app)/apps/[slug]/settings/settings-client.tsx	2399:36
TEXT	/private/tmp/alift-fe-foundation/frontend/app/(app)/apps/[slug]/settings/settings-client.tsx	2404:14
TEXT	/private/tmp/alift-fe-foundation/frontend/app/(app)/apps/[slug]/settings/settings-client.tsx	2423:46
TEXT	/private/tmp/alift-fe-foundation/frontend/app/(app)/apps/[slug]/tokens/tokens-client.tsx	230:62
TEXT	/private/tmp/alift-fe-foundation/frontend/app/(app)/apps/[slug]/workloads/[workloadSlug]/manifest-card.tsx	174:19
TEXT	/private/tmp/alift-fe-foundation/frontend/app/(app)/apps/[slug]/workloads/[workloadSlug]/manifest-card.tsx	232:22
TEXT	/private/tmp/alift-fe-foundation/frontend/app/(app)/apps/[slug]/workloads/[workloadSlug]/manifest-card.tsx	240:22
TEXT	/private/tmp/alift-fe-foundation/frontend/app/(app)/apps/[slug]/workloads/workloads-list-client.tsx	554:12
TEXT	/private/tmp/alift-fe-foundation/frontend/app/(app)/apps/apps-client.tsx	462:15
TEXT	/private/tmp/alift-fe-foundation/frontend/app/(app)/apps/new/components/ApproverSelector.tsx	260:21
TEXT	/private/tmp/alift-fe-foundation/frontend/app/(app)/apps/new/components/ApproverSelector.tsx	311:26
TEXT	/private/tmp/alift-fe-foundation/frontend/app/(app)/apps/new/steps/AppDetailsStep.tsx	138:15
TEXT	/private/tmp/alift-fe-foundation/frontend/app/(app)/apps/new/steps/DeployStrategyStep.tsx	333:36
TEXT	/private/tmp/alift-fe-foundation/frontend/app/(app)/apps/new/steps/RepoPickerStep.tsx	273:40
TEXT	/private/tmp/alift-fe-foundation/frontend/app/(app)/apps/new/steps/RepoPickerStep.tsx	382:35
TEXT	/private/tmp/alift-fe-foundation/frontend/app/(app)/apps/new/steps/RepoPickerStep.tsx	391:34
TEXT	/private/tmp/alift-fe-foundation/frontend/app/(app)/apps/new/steps/RepoPickerStep.tsx	465:34
TEXT	/private/tmp/alift-fe-foundation/frontend/app/(app)/apps/new/steps/RepoPickerStep.tsx	471:30
TEXT	/private/tmp/alift-fe-foundation/frontend/app/(app)/apps/new/steps/ReviewSubmitStep.tsx	216:38
TEXT	/private/tmp/alift-fe-foundation/frontend/app/(app)/apps/new/steps/ReviewSubmitStep.tsx	392:32
TEXT	/private/tmp/alift-fe-foundation/frontend/app/(app)/clusters/[slug]/activity/cluster-activity-client.tsx	161:21
TEXT	/private/tmp/alift-fe-foundation/frontend/app/(app)/clusters/[slug]/health/cluster-health-client.tsx	167:29
TEXT	/private/tmp/alift-fe-foundation/frontend/app/(app)/clusters/[slug]/health/cluster-health-client.tsx	199:52
TEXT	/private/tmp/alift-fe-foundation/frontend/app/(app)/clusters/[slug]/settings/cluster-settings-client.tsx	781:36
TEXT	/private/tmp/alift-fe-foundation/frontend/app/(app)/clusters/[slug]/settings/cluster-settings-client.tsx	804:58
TEXT	/private/tmp/alift-fe-foundation/frontend/app/(app)/clusters/[slug]/settings/cluster-settings-client.tsx	950:38
TEXT	/private/tmp/alift-fe-foundation/frontend/app/(app)/clusters/[slug]/settings/cluster-settings-client.tsx	1817:25
TEXT	/private/tmp/alift-fe-foundation/frontend/app/(app)/clusters/[slug]/settings/cluster-settings-client.tsx	1883:23
TEXT	/private/tmp/alift-fe-foundation/frontend/app/(app)/clusters/[slug]/status/cluster-status-client.tsx	572:16
TEXT	/private/tmp/alift-fe-foundation/frontend/app/(app)/clusters/[slug]/status/cluster-status-client.tsx	581:14
TEXT	/private/tmp/alift-fe-foundation/frontend/app/(app)/clusters/[slug]/status/cluster-status-client.tsx	595:28
TEXT	/private/tmp/alift-fe-foundation/frontend/app/(app)/clusters/[slug]/status/cluster-status-client.tsx	602:12
TEXT	/private/tmp/alift-fe-foundation/frontend/app/(app)/clusters/[slug]/status/cluster-status-client.tsx	782:14
TEXT	/private/tmp/alift-fe-foundation/frontend/app/(app)/clusters/[slug]/status/cluster-status-client.tsx	1023:18
TEXT	/private/tmp/alift-fe-foundation/frontend/app/(app)/clusters/[slug]/status/cluster-status-client.tsx	1059:15
TEXT	/private/tmp/alift-fe-foundation/frontend/app/(app)/clusters/[slug]/status/cluster-status-client.tsx	1061:13
TEXT	/private/tmp/alift-fe-foundation/frontend/app/(app)/clusters/[slug]/status/cluster-status-client.tsx	1114:16
TEXT	/private/tmp/alift-fe-foundation/frontend/app/(app)/clusters/[slug]/status/cluster-status-client.tsx	1128:16
TEXT	/private/tmp/alift-fe-foundation/frontend/app/(app)/clusters/[slug]/status/cluster-status-client.tsx	1176:13
TEXT	/private/tmp/alift-fe-foundation/frontend/app/(app)/clusters/[slug]/status/cluster-status-client.tsx	1187:34
TEXT	/private/tmp/alift-fe-foundation/frontend/app/(app)/clusters/[slug]/status/cluster-status-client.tsx	1191:13
TEXT	/private/tmp/alift-fe-foundation/frontend/app/(app)/clusters/[slug]/status/cluster-status-client.tsx	1242:32
TEXT	/private/tmp/alift-fe-foundation/frontend/app/(app)/clusters/[slug]/status/cluster-status-client.tsx	1246:15
TEXT	/private/tmp/alift-fe-foundation/frontend/app/(app)/clusters/[slug]/status/cluster-status-client.tsx	1251:13
TEXT	/private/tmp/alift-fe-foundation/frontend/app/(app)/clusters/[slug]/status/cluster-status-client.tsx	1336:15
TEXT	/private/tmp/alift-fe-foundation/frontend/app/(app)/clusters/[slug]/status/cluster-status-client.tsx	1341:15
TEXT	/private/tmp/alift-fe-foundation/frontend/app/(app)/clusters/[slug]/status/cluster-status-client.tsx	1345:13
TEXT	/private/tmp/alift-fe-foundation/frontend/app/(app)/cost/cost-client.tsx	429:11
TEXT	/private/tmp/alift-fe-foundation/frontend/app/(app)/deployments/[id]/deployment-detail-client.tsx	595:25
TEXT	/private/tmp/alift-fe-foundation/frontend/app/(app)/downloads/downloads-client.tsx	405:22
TEXT	/private/tmp/alift-fe-foundation/frontend/app/(app)/downloads/downloads-client.tsx	510:36
TEXT	/private/tmp/alift-fe-foundation/frontend/app/(app)/jobs/jobs-client.tsx	565:12
TEXT	/private/tmp/alift-fe-foundation/frontend/app/(app)/members/members-client.tsx	881:36
TEXT	/private/tmp/alift-fe-foundation/frontend/app/(app)/observe/agents/page.tsx	186:42
TEXT	/private/tmp/alift-fe-foundation/frontend/app/(app)/pipelines/[id]/secrets-tab.tsx	257:50
TEXT	/private/tmp/alift-fe-foundation/frontend/app/(app)/resources/clusters/clusters-client.tsx	339:54
TEXT	/private/tmp/alift-fe-foundation/frontend/app/(app)/resources/docs/docs-client.tsx	295:31
TEXT	/private/tmp/alift-fe-foundation/frontend/app/(app)/resources/drivers/drivers-client.tsx	316:35
TEXT	/private/tmp/alift-fe-foundation/frontend/app/(app)/resources/drivers/drivers-client.tsx	325:37
TEXT	/private/tmp/alift-fe-foundation/frontend/app/(app)/resources/drivers/drivers-client.tsx	396:36
TEXT	/private/tmp/alift-fe-foundation/frontend/app/(app)/resources/manifest/manifest-client.tsx	97:24
TEXT	/private/tmp/alift-fe-foundation/frontend/app/(app)/resources/manifest/manifest-client.tsx	101:42
TEXT	/private/tmp/alift-fe-foundation/frontend/app/(app)/resources/manifest/manifest-client.tsx	130:34
TEXT	/private/tmp/alift-fe-foundation/frontend/app/(app)/secure/zentinelle/page.tsx	116:12
TEXT	/private/tmp/alift-fe-foundation/frontend/app/(app)/secure/zentinelle/page.tsx	142:15
TEXT	/private/tmp/alift-fe-foundation/frontend/app/(app)/secure/zentinelle/page.tsx	143:15
TEXT	/private/tmp/alift-fe-foundation/frontend/app/(app)/settings/identity-provider/create-identity-provider-dialog.tsx	212:22
TEXT	/private/tmp/alift-fe-foundation/frontend/app/(app)/settings/identity-provider/identity-provider-client.tsx	220:33
TEXT	/private/tmp/alift-fe-foundation/frontend/app/(app)/settings/identity-provider/identity-provider-client.tsx	226:33
TEXT	/private/tmp/alift-fe-foundation/frontend/app/(app)/settings/notifications/alert-subscriptions-card.tsx	263:36
TEXT	/private/tmp/alift-fe-foundation/frontend/app/(app)/settings/profile/identity-client.tsx	150:16
TEXT	/private/tmp/alift-fe-foundation/frontend/app/(app)/settings/profile/identity-client.tsx	217:13
TEXT	/private/tmp/alift-fe-foundation/frontend/app/(app)/settings/profile/profile-client.tsx	156:17
TEXT	/private/tmp/alift-fe-foundation/frontend/app/(app)/settings/source-providers/connect-gitlab-dialog.tsx	191:23
TEXT	/private/tmp/alift-fe-foundation/frontend/app/(app)/settings/source-providers/connect-gitlab-dialog.tsx	199:23
TEXT	/private/tmp/alift-fe-foundation/frontend/app/(app)/settings/source-providers/generate-ssh-key-dialog.tsx	111:17
TEXT	/private/tmp/alift-fe-foundation/frontend/app/(app)/settings/source-providers/source-providers-client.tsx	241:15
TEXT	/private/tmp/alift-fe-foundation/frontend/app/(app)/settings/source-providers/source-providers-client.tsx	252:15
TEXT	/private/tmp/alift-fe-foundation/frontend/app/(app)/settings/source-providers/source-providers-client.tsx	343:52
TEXT	/private/tmp/alift-fe-foundation/frontend/app/(app)/settings/source-providers/source-providers-client.tsx	350:27
TEXT	/private/tmp/alift-fe-foundation/frontend/app/(app)/settings/source-providers/source-providers-client.tsx	365:64
TEXT	/private/tmp/alift-fe-foundation/frontend/app/(app)/settings/source-providers/source-providers-client.tsx	517:32
TEXT	/private/tmp/alift-fe-foundation/frontend/app/(app)/settings/source-providers/source-providers-client.tsx	666:21
TEXT	/private/tmp/alift-fe-foundation/frontend/app/(app)/settings/source-providers/source-providers-client.tsx	679:21
TEXT	/private/tmp/alift-fe-foundation/frontend/app/(app)/settings/source-providers/source-providers-client.tsx	721:13
TEXT	/private/tmp/alift-fe-foundation/frontend/app/(app)/tokens/tokens-client.tsx	287:64
TEXT	/private/tmp/alift-fe-foundation/frontend/app/(app)/tokens/tokens-client.tsx	465:12
TEXT	/private/tmp/alift-fe-foundation/frontend/app/(app)/tokens/tokens-client.tsx	467:14
TEXT	/private/tmp/alift-fe-foundation/frontend/app/(app)/webhooks/webhooks-client.tsx	784:76
TEXT	/private/tmp/alift-fe-foundation/frontend/app/(app)/webhooks/webhooks-client.tsx	791:50
TEXT	/private/tmp/alift-fe-foundation/frontend/app/(app)/webhooks/webhooks-client.tsx	850:14
TEXT	/private/tmp/alift-fe-foundation/frontend/app/(app)/workflows/instances-panel.tsx	374:22
TEXT	/private/tmp/alift-fe-foundation/frontend/components/AstroliftNav.tsx	531:25
TEXT	/private/tmp/alift-fe-foundation/frontend/components/AstroliftNav.tsx	538:24
TEXT	/private/tmp/alift-fe-foundation/frontend/components/CommandPalette.tsx	308:22
TEXT	/private/tmp/alift-fe-foundation/frontend/components/CommandPalette.tsx	339:14
TEXT	/private/tmp/alift-fe-foundation/frontend/components/ConnectedAccountsSection.tsx	72:32
TEXT	/private/tmp/alift-fe-foundation/frontend/components/ConnectedAccountsSection.tsx	81:9
TEXT	/private/tmp/alift-fe-foundation/frontend/components/ConnectedAccountsSection.tsx	90:7
TEXT	/private/tmp/alift-fe-foundation/frontend/components/ConnectedAccountsSection.tsx	228:12
TEXT	/private/tmp/alift-fe-foundation/frontend/components/KeyboardShortcuts.tsx	178:7
TEXT	/private/tmp/alift-fe-foundation/frontend/components/NavTree.tsx	412:29
TEXT	/private/tmp/alift-fe-foundation/frontend/components/NavTree.tsx	532:12
TEXT	/private/tmp/alift-fe-foundation/frontend/components/NavTree.tsx	563:17
TEXT	/private/tmp/alift-fe-foundation/frontend/components/NotificationsBell.tsx	69:15
TEXT	/private/tmp/alift-fe-foundation/frontend/components/NotificationsBell.tsx	130:48
TEXT	/private/tmp/alift-fe-foundation/frontend/components/NotificationsBell.tsx	133:29
TEXT	/private/tmp/alift-fe-foundation/frontend/components/QuorumWidget.tsx	67:38
TEXT	/private/tmp/alift-fe-foundation/frontend/components/QuorumWidget.tsx	73:13
TEXT	/private/tmp/alift-fe-foundation/frontend/components/QuorumWidget.tsx	111:12
TEXT	/private/tmp/alift-fe-foundation/frontend/components/QuorumWidget.tsx	149:9
TEXT	/private/tmp/alift-fe-foundation/frontend/components/data-table/data-table-toolbar.tsx	120:38
TEXT	/private/tmp/alift-fe-foundation/frontend/components/forms/FormBuilder.tsx	377:25
TEXT	/private/tmp/alift-fe-foundation/frontend/components/forms/FormBuilder.tsx	414:14
TEXT	/private/tmp/alift-fe-foundation/frontend/components/observability/GoldenSignalsPanel.tsx	568:12
TEXT	/private/tmp/alift-fe-foundation/frontend/components/observability/LogViewer.tsx	598:15
TEXT	/private/tmp/alift-fe-foundation/frontend/components/observability/LogViewer.tsx	632:19
TEXT	/private/tmp/alift-fe-foundation/frontend/components/observability/ManagedServiceMetricsPanel.tsx	263:10
TEXT	/private/tmp/alift-fe-foundation/frontend/components/observability/PodEventsPanel.tsx	259:28
HEX	/private/tmp/alift-fe-foundation/frontend/components/observability/TerminalEmulator.tsx	358:9
TEXT	/private/tmp/alift-fe-foundation/frontend/components/observability/TlsCertificatesCard.tsx	176:23
HEX	/private/tmp/alift-fe-foundation/frontend/components/observability/VncViewer.tsx	117:9
TEXT	/private/tmp/alift-fe-foundation/frontend/components/observability/WorkflowTimeline.tsx	140:22
TEXT	/private/tmp/alift-fe-foundation/frontend/components/observability/WorkflowTimeline.tsx	193:40
TEXT	/private/tmp/alift-fe-foundation/frontend/components/observability/WorkflowTimeline.tsx	233:22
TEXT	/private/tmp/alift-fe-foundation/frontend/components/observability/WorkloadIdentityCard.tsx	74:19
TEXT	/private/tmp/alift-fe-foundation/frontend/components/topology/AppTopologyMap.tsx	95:18
TEXT	/private/tmp/alift-fe-foundation/frontend/components/topology/AppTopologyMap.tsx	101:36
TEXT	/private/tmp/alift-fe-foundation/frontend/components/topology/AppTopologyMap.tsx	113:15
TEXT	/private/tmp/alift-fe-foundation/frontend/components/topology/AppTopologyMap.tsx	119:38
HEX	/private/tmp/alift-fe-foundation/frontend/components/ui/chart.tsx	55:9
ROUND	/private/tmp/alift-fe-foundation/frontend/components/ui/chart.tsx	188:27
ROUND	/private/tmp/alift-fe-foundation/frontend/components/ui/chart.tsx	279:19
TEXT	/private/tmp/alift-fe-foundation/frontend/components/ui/tag-input.tsx	58:48
ROUND	/private/tmp/alift-fe-foundation/frontend/components/ui/tooltip.tsx	47:33
TEXT	/private/tmp/alift-fe-foundation/frontend/components/workflows/WorkflowBuilder.tsx	143:18
TEXT	/private/tmp/alift-fe-foundation/frontend/components/workflows/WorkflowBuilder.tsx	146:18
TEXT	/private/tmp/alift-fe-foundation/frontend/components/workflows/WorkflowBuilder.tsx	151:38
TEXT	/private/tmp/alift-fe-foundation/frontend/components/workflows/WorkflowBuilder.tsx	156:38
TEXT	/private/tmp/alift-fe-foundation/frontend/components/workflows/WorkflowBuilder.tsx	211:12
TEXT	/private/tmp/alift-fe-foundation/frontend/components/workflows/WorkflowBuilder.tsx	317:12
TEXT	/private/tmp/alift-fe-foundation/frontend/components/workflows/WorkflowBuilder.tsx	761:22
TEXT	/private/tmp/alift-fe-foundation/frontend/components/workflows/WorkflowBuilder.tsx	778:22
